REF_DATE,GEO,DGUID,NAICS,Enterprises characteristics,country_control,Size of enterprise,UOM,UOM_ID,SCALAR_FACTOR,SCALAR_ID,VECTOR,COORDINATE,VALUE,STATUS,SYMBOL,TERMINATED,DECIMALS
1999,Canada,2016A000011124,"Total, all industries (excluding management of companies and enterprises)",Number of enterprises,Canadian control,"Total enterprises, all sizes",Number,223,units,0,v41596475,1.1.1.1.1,1012640,,,,0
1999,Canada,2016A000011124,"Total, all industries (excluding management of companies and enterprises)",Number of enterprises,Canadian control,Small enterprises,Number,223,units,0,v41596476,1.1.1.1.2,1007594,,,,0
1999,Canada,2016A000011124,"Total, all industries (excluding management of companies and enterprises)",Number of enterprises,Canadian control,Medium enterprises,Number,223,units,0,v41596477,1.1.1.1.3,3768,,,,0
1999,Canada,2016A000011124,"Total, all industries (excluding management of companies and enterprises)",Number of enterprises,Canadian control,Large enterprises,Number,223,units,0,v41596478,1.1.1.1.4,1278,,,,0
1999,Canada,2016A000011124,"Total, all industries (excluding management of companies and enterprises)",Number of enterprises,Foreign control,"Total enterprises, all sizes",Number,223,units,0,v41596479,1.1.1.2.1,7499,,,,0
1999,Canada,2016A000011124,"Total, all industries (excluding management of companies and enterprises)",Number of enterprises,Foreign control,Small enterprises,Number,223,units,0,v41596480,1.1.1.2.2,5537,,,,0
1999,Canada,2016A000011124,"Total, all industries (excluding management of companies and enterprises)",Number of enterprises,Foreign control,Medium enterprises,Number,223,units,0,v41596481,1.1.1.2.3,984,,,,0
1999,Canada,2016A000011124,"Total, all industries (excluding management of companies and enterprises)",Number of enterprises,Foreign control,Large enterprises,Number,223,units,0,v41596482,1.1.1.2.4,978,,,,0
1999,Canada,2016A000011124,"Total, all industries (excluding management of companies and enterprises)",Mean operating revenues (dollars),Canadian control,"Total enterprises, all sizes",Dollars,81,thousands,3,v41596483,1.1.2.1.1,1440,,,,0
1999,Canada,2016A000011124,"Total, all industries (excluding management of companies and enterprises)",Mean operating revenues (dollars),Canadian control,Small enterprises,Dollars,81,thousands,3,v41596484,1.1.2.1.2,661,,,,0
1999,Canada,2016A000011124,"Total, all industries (excluding management of companies and enterprises)",Mean operating revenues (dollars),Canadian control,Medium enterprises,Dollars,81,thousands,3,v41596485,1.1.2.1.3,39962,,,,0
1999,Canada,2016A000011124,"Total, all industries (excluding management of companies and enterprises)",Mean operating revenues (dollars),Canadian control,Large enterprises,Dollars,81,thousands,3,v41596486,1.1.2.1.4,501945,,,,0
1999,Canada,2016A000011124,"Total, all industries (excluding management of companies and enterprises)",Mean operating revenues (dollars),Foreign control,"Total enterprises, all sizes",Dollars,81,thousands,3,v41596487,1.1.2.2.1,78130,,,,0
1999,Canada,2016A000011124,"Total, all industries (excluding management of companies and enterprises)",Mean operating revenues (dollars),Foreign control,Small enterprises,Dollars,81,thousands,3,v41596488,1.1.2.2.2,4515,,,,0
1999,Canada,2016A000011124,"Total, all industries (excluding management of companies and enterprises)",Mean operating revenues (dollars),Foreign control,Medium enterprises,Dollars,81,thousands,3,v41596489,1.1.2.2.3,43533,,,,0
1999,Canada,2016A000011124,"Total, all industries (excluding management of companies and enterprises)",Mean operating revenues (dollars),Foreign control,Large enterprises,Dollars,81,thousands,3,v41596490,1.1.2.2.4,529715,,,,0
2000,Canada,2016A000011124,"Total, all industries (excluding management of companies and enterprises)",Number of enterprises,Canadian control,"Total enterprises, all sizes",Number,223,units,0,v41596475,1.1.1.1.1,1033745,,,,0
2000,Canada,2016A000011124,"Total, all industries (excluding management of companies and enterprises)",Number of enterprises,Canadian control,Small enterprises,Number,223,units,0,v41596476,1.1.1.1.2,1027986,,,,0
2000,Canada,2016A000011124,"Total, all industries (excluding management of companies and enterprises)",Number of enterprises,Canadian control,Medium enterprises,Number,223,units,0,v41596477,1.1.1.1.3,4325,,,,0
2000,Canada,2016A000011124,"Total, all industries (excluding management of companies and enterprises)",Number of enterprises,Canadian control,Large enterprises,Number,223,units,0,v41596478,1.1.1.1.4,1434,,,,0
2000,Canada,2016A000011124,"Total, all industries (excluding management of companies and enterprises)",Number of enterprises,Foreign control,"Total enterprises, all sizes",Number,223,units,0,v41596479,1.1.1.2.1,7822,,,,0
2000,Canada,2016A000011124,"Total, all industries (excluding management of companies and enterprises)",Number of enterprises,Foreign control,Small enterprises,Number,223,units,0,v41596480,1.1.1.2.2,5717,,,,0
2000,Canada,2016A000011124,"Total, all industries (excluding management of companies and enterprises)",Number of enterprises,Foreign control,Medium enterprises,Number,223,units,0,v41596481,1.1.1.2.3,1046,,,,0
2000,Canada,2016A000011124,"Total, all industries (excluding management of companies and enterprises)",Number of enterprises,Foreign control,Large enterprises,Number,223,units,0,v41596482,1.1.1.2.4,1059,,,,0
2000,Canada,2016A000011124,"Total, all industries (excluding management of companies and enterprises)",Mean operating revenues (dollars),Canadian control,"Total enterprises, all sizes",Dollars,81,thousands,3,v41596483,1.1.2.1.1,1569,,,,0
2000,Canada,2016A000011124,"Total, all industries (excluding management of companies and enterprises)",Mean operating revenues (dollars),Canadian control,Small enterprises,Dollars,81,thousands,3,v41596484,1.1.2.1.2,687,,,,0
2000,Canada,2016A000011124,"Total, all industries (excluding management of companies and enterprises)",Mean operating revenues (dollars),Canadian control,Medium enterprises,Dollars,81,thousands,3,v41596485,1.1.2.1.3,40369,,,,0
2000,Canada,2016A000011124,"Total, all industries (excluding management of companies and enterprises)",Mean operating revenues (dollars),Canadian control,Large enterprises,Dollars,81,thousands,3,v41596486,1.1.2.1.4,516822,,,,0
2000,Canada,2016A000011124,"Total, all industries (excluding management of companies and enterprises)",Mean operating revenues (dollars),Foreign control,"Total enterprises, all sizes",Dollars,81,thousands,3,v41596487,1.1.2.2.1,87701,,,,0
2000,Canada,2016A000011124,"Total, all industries (excluding management of companies and enterprises)",Mean operating revenues (dollars),Foreign control,Small enterprises,Dollars,81,thousands,3,v41596488,1.1.2.2.2,4584,,,,0
2000,Canada,2016A000011124,"Total, all industries (excluding management of companies and enterprises)",Mean operating revenues (dollars),Foreign control,Medium enterprises,Dollars,81,thousands,3,v41596489,1.1.2.2.3,43764,,,,0
2000,Canada,2016A000011124,"Total, all industries (excluding management of companies and enterprises)",Mean operating revenues (dollars),Foreign control,Large enterprises,Dollars,81,thousands,3,v41596490,1.1.2.2.4,579809,,,,0
2001,Canada,2016A000011124,"Total, all industries (excluding management of companies and enterprises)",Number of enterprises,Canadian control,"Total enterprises, all sizes",Number,223,units,0,v41596475,1.1.1.1.1,1126560,,,,0
2001,Canada,2016A000011124,"Total, all industries (excluding management of companies and enterprises)",Number of enterprises,Canadian control,Small enterprises,Number,223,units,0,v41596476,1.1.1.1.2,1120542,,,,0
2001,Canada,2016A000011124,"Total, all industries (excluding management of companies and enterprises)",Number of enterprises,Canadian control,Medium enterprises,Number,223,units,0,v41596477,1.1.1.1.3,4547,,,,0
2001,Canada,2016A000011124,"Total, all industries (excluding management of companies and enterprises)",Number of enterprises,Canadian control,Large enterprises,Number,223,units,0,v41596478,1.1.1.1.4,1471,,,,0
2001,Canada,2016A000011124,"Total, all industries (excluding management of companies and enterprises)",Number of enterprises,Foreign control,"Total enterprises, all sizes",Number,223,units,0,v41596479,1.1.1.2.1,7310,,,,0
2001,Canada,2016A000011124,"Total, all industries (excluding management of companies and enterprises)",Number of enterprises,Foreign control,Small enterprises,Number,223,units,0,v41596480,1.1.1.2.2,5133,,,,0
2001,Canada,2016A000011124,"Total, all industries (excluding management of companies and enterprises)",Number of enterprises,Foreign control,Medium enterprises,Number,223,units,0,v41596481,1.1.1.2.3,1068,,,,0
2001,Canada,2016A000011124,"Total, all industries (excluding management of companies and enterprises)",Number of enterprises,Foreign control,Large enterprises,Number,223,units,0,v41596482,1.1.1.2.4,1109,,,,0
2001,Canada,2016A000011124,"Total, all industries (excluding management of companies and enterprises)",Mean operating revenues (dollars),Canadian control,"Total enterprises, all sizes",Dollars,81,thousands,3,v41596483,1.1.2.1.1,1500,,,,0
2001,Canada,2016A000011124,"Total, all industries (excluding management of companies and enterprises)",Mean operating revenues (dollars),Canadian control,Small enterprises,Dollars,81,thousands,3,v41596484,1.1.2.1.2,669,,,,0
2001,Canada,2016A000011124,"Total, all industries (excluding management of companies and enterprises)",Mean operating revenues (dollars),Canadian control,Medium enterprises,Dollars,81,thousands,3,v41596485,1.1.2.1.3,40254,,,,0
2001,Canada,2016A000011124,"Total, all industries (excluding management of companies and enterprises)",Mean operating revenues (dollars),Canadian control,Large enterprises,Dollars,81,thousands,3,v41596486,1.1.2.1.4,514247,,,,0
2001,Canada,2016A000011124,"Total, all industries (excluding management of companies and enterprises)",Mean operating revenues (dollars),Foreign control,"Total enterprises, all sizes",Dollars,81,thousands,3,v41596487,1.1.2.2.1,97686,,,,0
2001,Canada,2016A000011124,"Total, all industries (excluding management of companies and enterprises)",Mean operating revenues (dollars),Foreign control,Small enterprises,Dollars,81,thousands,3,v41596488,1.1.2.2.2,4945,,,,0
2001,Canada,2016A000011124,"Total, all industries (excluding management of companies and enterprises)",Mean operating revenues (dollars),Foreign control,Medium enterprises,Dollars,81,thousands,3,v41596489,1.1.2.2.3,43555,,,,0
2001,Canada,2016A000011124,"Total, all industries (excluding management of companies and enterprises)",Mean operating revenues (dollars),Foreign control,Large enterprises,Dollars,81,thousands,3,v41596490,1.1.2.2.4,579066,,,,0
2002,Canada,2016A000011124,"Total, all industries (excluding management of companies and enterprises)",Number of enterprises,Canadian control,"Total enterprises, all sizes",Number,223,units,0,v41596475,1.1.1.1.1,1148515,,,,0
2002,Canada,2016A000011124,"Total, all industries (excluding management of companies and enterprises)",Number of enterprises,Canadian control,Small enterprises,Number,223,units,0,v41596476,1.1.1.1.2,1142129,,,,0
2002,Canada,2016A000011124,"Total, all industries (excluding management of companies and enterprises)",Number of enterprises,Canadian control,Medium enterprises,Number,223,units,0,v41596477,1.1.1.1.3,4812,,,,0
2002,Canada,2016A000011124,"Total, all industries (excluding management of companies and enterprises)",Number of enterprises,Canadian control,Large enterprises,Number,223,units,0,v41596478,1.1.1.1.4,1574,,,,0
2002,Canada,2016A000011124,"Total, all industries (excluding management of companies and enterprises)",Number of enterprises,Foreign control,"Total enterprises, all sizes",Number,223,units,0,v41596479,1.1.1.2.1,7106,,,,0
2002,Canada,2016A000011124,"Total, all industries (excluding management of companies and enterprises)",Number of enterprises,Foreign control,Small enterprises,Number,223,units,0,v41596480,1.1.1.2.2,4995,,,,0
2002,Canada,2016A000011124,"Total, all industries (excluding management of companies and enterprises)",Number of enterprises,Foreign control,Medium enterprises,Number,223,units,0,v41596481,1.1.1.2.3,1023,,,,0
2002,Canada,2016A000011124,"Total, all industries (excluding management of companies and enterprises)",Number of enterprises,Foreign control,Large enterprises,Number,223,units,0,v41596482,1.1.1.2.4,1088,,,,0
2002,Canada,2016A000011124,"Total, all industries (excluding management of companies and enterprises)",Mean operating revenues (dollars),Canadian control,"Total enterprises, all sizes",Dollars,81,thousands,3,v41596483,1.1.2.1.1,1513,,,,0
2002,Canada,2016A000011124,"Total, all industries (excluding management of companies and enterprises)",Mean operating revenues (dollars),Canadian control,Small enterprises,Dollars,81,thousands,3,v41596484,1.1.2.1.2,674,,,,0
2002,Canada,2016A000011124,"Total, all industries (excluding management of companies and enterprises)",Mean operating revenues (dollars),Canadian control,Medium enterprises,Dollars,81,thousands,3,v41596485,1.1.2.1.3,40128,,,,0
2002,Canada,2016A000011124,"Total, all industries (excluding management of companies and enterprises)",Mean operating revenues (dollars),Canadian control,Large enterprises,Dollars,81,thousands,3,v41596486,1.1.2.1.4,492741,,,,0
2002,Canada,2016A000011124,"Total, all industries (excluding management of companies and enterprises)",Mean operating revenues (dollars),Foreign control,"Total enterprises, all sizes",Dollars,81,thousands,3,v41596487,1.1.2.2.1,98221,,,,0
2002,Canada,2016A000011124,"Total, all industries (excluding management of companies and enterprises)",Mean operating revenues (dollars),Foreign control,Small enterprises,Dollars,81,thousands,3,v41596488,1.1.2.2.2,4865,,,,0
2002,Canada,2016A000011124,"Total, all industries (excluding management of companies and enterprises)",Mean operating revenues (dollars),Foreign control,Medium enterprises,Dollars,81,thousands,3,v41596489,1.1.2.2.3,43105,,,,0
2002,Canada,2016A000011124,"Total, all industries (excluding management of companies and enterprises)",Mean operating revenues (dollars),Foreign control,Large enterprises,Dollars,81,thousands,3,v41596490,1.1.2.2.4,578644,,,,0
2003,Canada,2016A000011124,"Total, all industries (excluding management of companies and enterprises)",Number of enterprises,Canadian control,"Total enterprises, all sizes",Number,223,units,0,v41596475,1.1.1.1.1,1207270,,,,0
2003,Canada,2016A000011124,"Total, all industries (excluding management of companies and enterprises)",Number of enterprises,Canadian control,Small enterprises,Number,223,units,0,v41596476,1.1.1.1.2,1200839,,,,0
2003,Canada,2016A000011124,"Total, all industries (excluding management of companies and enterprises)",Number of enterprises,Canadian control,Medium enterprises,Number,223,units,0,v41596477,1.1.1.1.3,4852,,,,0
2003,Canada,2016A000011124,"Total, all industries (excluding management of companies and enterprises)",Number of enterprises,Canadian control,Large enterprises,Number,223,units,0,v41596478,1.1.1.1.4,1579,,,,0
2003,Canada,2016A000011124,"Total, all industries (excluding management of companies and enterprises)",Number of enterprises,Foreign control,"Total enterprises, all sizes",Number,223,units,0,v41596479,1.1.1.2.1,8458,,,,0
2003,Canada,2016A000011124,"Total, all industries (excluding management of companies and enterprises)",Number of enterprises,Foreign control,Small enterprises,Number,223,units,0,v41596480,1.1.1.2.2,6214,,,,0
2003,Canada,2016A000011124,"Total, all industries (excluding management of companies and enterprises)",Number of enterprises,Foreign control,Medium enterprises,Number,223,units,0,v41596481,1.1.1.2.3,1114,,,,0
2003,Canada,2016A000011124,"Total, all industries (excluding management of companies and enterprises)",Number of enterprises,Foreign control,Large enterprises,Number,223,units,0,v41596482,1.1.1.2.4,1130,,,,0
2003,Canada,2016A000011124,"Total, all industries (excluding management of companies and enterprises)",Mean operating revenues (dollars),Canadian control,"Total enterprises, all sizes",Dollars,81,thousands,3,v41596483,1.1.2.1.1,1475,,,,0
2003,Canada,2016A000011124,"Total, all industries (excluding management of companies and enterprises)",Mean operating revenues (dollars),Canadian control,Small enterprises,Dollars,81,thousands,3,v41596484,1.1.2.1.2,669,,,,0
2003,Canada,2016A000011124,"Total, all industries (excluding management of companies and enterprises)",Mean operating revenues (dollars),Canadian control,Medium enterprises,Dollars,81,thousands,3,v41596485,1.1.2.1.3,40120,,,,0
2003,Canada,2016A000011124,"Total, all industries (excluding management of companies and enterprises)",Mean operating revenues (dollars),Canadian control,Large enterprises,Dollars,81,thousands,3,v41596486,1.1.2.1.4,495444,,,,0
2003,Canada,2016A000011124,"Total, all industries (excluding management of companies and enterprises)",Mean operating revenues (dollars),Foreign control,"Total enterprises, all sizes",Dollars,81,thousands,3,v41596487,1.1.2.2.1,87095,,,,0
2003,Canada,2016A000011124,"Total, all industries (excluding management of companies and enterprises)",Mean operating revenues (dollars),Foreign control,Small enterprises,Dollars,81,thousands,3,v41596488,1.1.2.2.2,4109,,,,0
2003,Canada,2016A000011124,"Total, all industries (excluding management of companies and enterprises)",Mean operating revenues (dollars),Foreign control,Medium enterprises,Dollars,81,thousands,3,v41596489,1.1.2.2.3,43343,,,,0
2003,Canada,2016A000011124,"Total, all industries (excluding management of companies and enterprises)",Mean operating revenues (dollars),Foreign control,Large enterprises,Dollars,81,thousands,3,v41596490,1.1.2.2.4,586575,,,,0
2004,Canada,2016A000011124,"Total, all industries (excluding management of companies and enterprises)",Number of enterprises,Canadian control,"Total enterprises, all sizes",Number,223,units,0,v41596475,1.1.1.1.1,1273717,,,,0
2004,Canada,2016A000011124,"Total, all industries (excluding management of companies and enterprises)",Number of enterprises,Canadian control,Small enterprises,Number,223,units,0,v41596476,1.1.1.1.2,1267003,,,,0
2004,Canada,2016A000011124,"Total, all industries (excluding management of companies and enterprises)",Number of enterprises,Canadian control,Medium enterprises,Number,223,units,0,v41596477,1.1.1.1.3,5063,,,,0
2004,Canada,2016A000011124,"Total, all industries (excluding management of companies and enterprises)",Number of enterprises,Canadian control,Large enterprises,Number,223,units,0,v41596478,1.1.1.1.4,1651,,,,0
2004,Canada,2016A000011124,"Total, all industries (excluding management of companies and enterprises)",Number of enterprises,Foreign control,"Total enterprises, all sizes",Number,223,units,0,v41596479,1.1.1.2.1,8536,,,,0
2004,Canada,2016A000011124,"Total, all industries (excluding management of companies and enterprises)",Number of enterprises,Foreign control,Small enterprises,Number,223,units,0,v41596480,1.1.1.2.2,6237,,,,0
2004,Canada,2016A000011124,"Total, all industries (excluding management of companies and enterprises)",Number of enterprises,Foreign control,Medium enterprises,Number,223,units,0,v41596481,1.1.1.2.3,1128,,,,0
2004,Canada,2016A000011124,"Total, all industries (excluding management of companies and enterprises)",Number of enterprises,Foreign control,Large enterprises,Number,223,units,0,v41596482,1.1.1.2.4,1171,,,,0
2004,Canada,2016A000011124,"Total, all industries (excluding management of companies and enterprises)",Mean operating revenues (dollars),Canadian control,"Total enterprises, all sizes",Dollars,81,thousands,3,v41596483,1.1.2.1.1,1487,,,,0
2004,Canada,2016A000011124,"Total, all industries (excluding management of companies and enterprises)",Mean operating revenues (dollars),Canadian control,Small enterprises,Dollars,81,thousands,3,v41596484,1.1.2.1.2,665,,,,0
2004,Canada,2016A000011124,"Total, all industries (excluding management of companies and enterprises)",Mean operating revenues (dollars),Canadian control,Medium enterprises,Dollars,81,thousands,3,v41596485,1.1.2.1.3,40027,,,,0
2004,Canada,2016A000011124,"Total, all industries (excluding management of companies and enterprises)",Mean operating revenues (dollars),Canadian control,Large enterprises,Dollars,81,thousands,3,v41596486,1.1.2.1.4,514659,,,,0
2004,Canada,2016A000011124,"Total, all industries (excluding management of companies and enterprises)",Mean operating revenues (dollars),Foreign control,"Total enterprises, all sizes",Dollars,81,thousands,3,v41596487,1.1.2.2.1,92978,,,,0
2004,Canada,2016A000011124,"Total, all industries (excluding management of companies and enterprises)",Mean operating revenues (dollars),Foreign control,Small enterprises,Dollars,81,thousands,3,v41596488,1.1.2.2.2,4436,,,,0
2004,Canada,2016A000011124,"Total, all industries (excluding management of companies and enterprises)",Mean operating revenues (dollars),Foreign control,Medium enterprises,Dollars,81,thousands,3,v41596489,1.1.2.2.3,43744,,,,0
2004,Canada,2016A000011124,"Total, all industries (excluding management of companies and enterprises)",Mean operating revenues (dollars),Foreign control,Large enterprises,Dollars,81,thousands,3,v41596490,1.1.2.2.4,611998,,,,0
2005,Canada,2016A000011124,"Total, all industries (excluding management of companies and enterprises)",Number of enterprises,Canadian control,"Total enterprises, all sizes",Number,223,units,0,v41596475,1.1.1.1.1,1209208,,,,0
2005,Canada,2016A000011124,"Total, all industries (excluding management of companies and enterprises)",Number of enterprises,Canadian control,Small enterprises,Number,223,units,0,v41596476,1.1.1.1.2,1201956,,,,0
2005,Canada,2016A000011124,"Total, all industries (excluding management of companies and enterprises)",Number of enterprises,Canadian control,Medium enterprises,Number,223,units,0,v41596477,1.1.1.1.3,5495,,,,0
2005,Canada,2016A000011124,"Total, all industries (excluding management of companies and enterprises)",Number of enterprises,Canadian control,Large enterprises,Number,223,units,0,v41596478,1.1.1.1.4,1757,,,,0
2005,Canada,2016A000011124,"Total, all industries (excluding management of companies and enterprises)",Number of enterprises,Foreign control,"Total enterprises, all sizes",Number,223,units,0,v41596479,1.1.1.2.1,8163,,,,0
2005,Canada,2016A000011124,"Total, all industries (excluding management of companies and enterprises)",Number of enterprises,Foreign control,Small enterprises,Number,223,units,0,v41596480,1.1.1.2.2,5812,,,,0
2005,Canada,2016A000011124,"Total, all industries (excluding management of companies and enterprises)",Number of enterprises,Foreign control,Medium enterprises,Number,223,units,0,v41596481,1.1.1.2.3,1137,,,,0
2005,Canada,2016A000011124,"Total, all industries (excluding management of companies and enterprises)",Number of enterprises,Foreign control,Large enterprises,Number,223,units,0,v41596482,1.1.1.2.4,1214,,,,0
2005,Canada,2016A000011124,"Total, all industries (excluding management of companies and enterprises)",Mean operating revenues (dollars),Canadian control,"Total enterprises, all sizes",Dollars,81,thousands,3,v41596483,1.1.2.1.1,1661,,,,0
2005,Canada,2016A000011124,"Total, all industries (excluding management of companies and enterprises)",Mean operating revenues (dollars),Canadian control,Small enterprises,Dollars,81,thousands,3,v41596484,1.1.2.1.2,717,,,,0
2005,Canada,2016A000011124,"Total, all industries (excluding management of companies and enterprises)",Mean operating revenues (dollars),Canadian control,Medium enterprises,Dollars,81,thousands,3,v41596485,1.1.2.1.3,39911,,,,0
2005,Canada,2016A000011124,"Total, all industries (excluding management of companies and enterprises)",Mean operating revenues (dollars),Canadian control,Large enterprises,Dollars,81,thousands,3,v41596486,1.1.2.1.4,527787,,,,0
2005,Canada,2016A000011124,"Total, all industries (excluding management of companies and enterprises)",Mean operating revenues (dollars),Foreign control,"Total enterprises, all sizes",Dollars,81,thousands,3,v41596487,1.1.2.2.1,103816,,,,0
2005,Canada,2016A000011124,"Total, all industries (excluding management of companies and enterprises)",Mean operating revenues (dollars),Foreign control,Small enterprises,Dollars,81,thousands,3,v41596488,1.1.2.2.2,4222,,,,0
2005,Canada,2016A000011124,"Total, all industries (excluding management of companies and enterprises)",Mean operating revenues (dollars),Foreign control,Medium enterprises,Dollars,81,thousands,3,v41596489,1.1.2.2.3,44380,,,,0
2005,Canada,2016A000011124,"Total, all industries (excluding management of companies and enterprises)",Mean operating revenues (dollars),Foreign control,Large enterprises,Dollars,81,thousands,3,v41596490,1.1.2.2.4,636288,,,,0
2006,Canada,2016A000011124,"Total, all industries (excluding management of companies and enterprises)",Number of enterprises,Canadian control,"Total enterprises, all sizes",Number,223,units,0,v41596475,1.1.1.1.1,1263738,,,,0
2006,Canada,2016A000011124,"Total, all industries (excluding management of companies and enterprises)",Number of enterprises,Canadian control,Small enterprises,Number,223,units,0,v41596476,1.1.1.1.2,1256043,,,,0
2006,Canada,2016A000011124,"Total, all industries (excluding management of companies and enterprises)",Number of enterprises,Canadian control,Medium enterprises,Number,223,units,0,v41596477,1.1.1.1.3,5832,,,,0
2006,Canada,2016A000011124,"Total, all industries (excluding management of companies and enterprises)",Number of enterprises,Canadian control,Large enterprises,Number,223,units,0,v41596478,1.1.1.1.4,1863,,,,0
2006,Canada,2016A000011124,"Total, all industries (excluding management of companies and enterprises)",Number of enterprises,Foreign control,"Total enterprises, all sizes",Number,223,units,0,v41596479,1.1.1.2.1,8493,,,,0
2006,Canada,2016A000011124,"Total, all industries (excluding management of companies and enterprises)",Number of enterprises,Foreign control,Small enterprises,Number,223,units,0,v41596480,1.1.1.2.2,6042,,,,0
2006,Canada,2016A000011124,"Total, all industries (excluding management of companies and enterprises)",Number of enterprises,Foreign control,Medium enterprises,Number,223,units,0,v41596481,1.1.1.2.3,1167,,,,0
2006,Canada,2016A000011124,"Total, all industries (excluding management of companies and enterprises)",Number of enterprises,Foreign control,Large enterprises,Number,223,units,0,v41596482,1.1.1.2.4,1284,,,,0
2006,Canada,2016A000011124,"Total, all industries (excluding management of companies and enterprises)",Mean operating revenues (dollars),Canadian control,"Total enterprises, all sizes",Dollars,81,thousands,3,v41596483,1.1.2.1.1,1674,,,,0
2006,Canada,2016A000011124,"Total, all industries (excluding management of companies and enterprises)",Mean operating revenues (dollars),Canadian control,Small enterprises,Dollars,81,thousands,3,v41596484,1.1.2.1.2,706,,,,0
2006,Canada,2016A000011124,"Total, all industries (excluding management of companies and enterprises)",Mean operating revenues (dollars),Canadian control,Medium enterprises,Dollars,81,thousands,3,v41596485,1.1.2.1.3,40006,,,,0
2006,Canada,2016A000011124,"Total, all industries (excluding management of companies and enterprises)",Mean operating revenues (dollars),Canadian control,Large enterprises,Dollars,81,thousands,3,v41596486,1.1.2.1.4,534485,,,,0
2006,Canada,2016A000011124,"Total, all industries (excluding management of companies and enterprises)",Mean operating revenues (dollars),Foreign control,"Total enterprises, all sizes",Dollars,81,thousands,3,v41596487,1.1.2.2.1,106696,,,,0
2006,Canada,2016A000011124,"Total, all industries (excluding management of companies and enterprises)",Mean operating revenues (dollars),Foreign control,Small enterprises,Dollars,81,thousands,3,v41596488,1.1.2.2.2,4628,,,,0
2006,Canada,2016A000011124,"Total, all industries (excluding management of companies and enterprises)",Mean operating revenues (dollars),Foreign control,Medium enterprises,Dollars,81,thousands,3,v41596489,1.1.2.2.3,44243,,,,0
2006,Canada,2016A000011124,"Total, all industries (excluding management of companies and enterprises)",Mean operating revenues (dollars),Foreign control,Large enterprises,Dollars,81,thousands,3,v41596490,1.1.2.2.4,643751,,,,0
2007,Canada,2016A000011124,"Total, all industries (excluding management of companies and enterprises)",Number of enterprises,Canadian control,"Total enterprises, all sizes",Number,223,units,0,v41596475,1.1.1.1.1,1332527,,,,0
2007,Canada,2016A000011124,"Total, all industries (excluding management of companies and enterprises)",Number of enterprises,Canadian control,Small enterprises,Number,223,units,0,v41596476,1.1.1.1.2,1324418,,,,0
2007,Canada,2016A000011124,"Total, all industries (excluding management of companies and enterprises)",Number of enterprises,Canadian control,Medium enterprises,Number,223,units,0,v41596477,1.1.1.1.3,6123,,,,0
2007,Canada,2016A000011124,"Total, all industries (excluding management of companies and enterprises)",Number of enterprises,Canadian control,Large enterprises,Number,223,units,0,v41596478,1.1.1.1.4,1986,,,,0
2007,Canada,2016A000011124,"Total, all industries (excluding management of companies and enterprises)",Number of enterprises,Foreign control,"Total enterprises, all sizes",Number,223,units,0,v41596479,1.1.1.2.1,8181,,,,0
2007,Canada,2016A000011124,"Total, all industries (excluding management of companies and enterprises)",Number of enterprises,Foreign control,Small enterprises,Number,223,units,0,v41596480,1.1.1.2.2,5750,,,,0
2007,Canada,2016A000011124,"Total, all industries (excluding management of companies and enterprises)",Number of enterprises,Foreign control,Medium enterprises,Number,223,units,0,v41596481,1.1.1.2.3,1105,,,,0
2007,Canada,2016A000011124,"Total, all industries (excluding management of companies and enterprises)",Number of enterprises,Foreign control,Large enterprises,Number,223,units,0,v41596482,1.1.1.2.4,1326,,,,0
2007,Canada,2016A000011124,"Total, all industries (excluding management of companies and enterprises)",Mean operating revenues (dollars),Canadian control,"Total enterprises, all sizes",Dollars,81,thousands,3,v41596483,1.1.2.1.1,1673,,,,0
2007,Canada,2016A000011124,"Total, all industries (excluding management of companies and enterprises)",Mean operating revenues (dollars),Canadian control,Small enterprises,Dollars,81,thousands,3,v41596484,1.1.2.1.2,707,,,,0
2007,Canada,2016A000011124,"Total, all industries (excluding management of companies and enterprises)",Mean operating revenues (dollars),Canadian control,Medium enterprises,Dollars,81,thousands,3,v41596485,1.1.2.1.3,40228,,,,0
2007,Canada,2016A000011124,"Total, all industries (excluding management of companies and enterprises)",Mean operating revenues (dollars),Canadian control,Large enterprises,Dollars,81,thousands,3,v41596486,1.1.2.1.4,526624,,,,0
2007,Canada,2016A000011124,"Total, all industries (excluding management of companies and enterprises)",Mean operating revenues (dollars),Foreign control,"Total enterprises, all sizes",Dollars,81,thousands,3,v41596487,1.1.2.2.1,114409,,,,0
2007,Canada,2016A000011124,"Total, all industries (excluding management of companies and enterprises)",Mean operating revenues (dollars),Foreign control,Small enterprises,Dollars,81,thousands,3,v41596488,1.1.2.2.2,4497,,,,0
2007,Canada,2016A000011124,"Total, all industries (excluding management of companies and enterprises)",Mean operating revenues (dollars),Foreign control,Medium enterprises,Dollars,81,thousands,3,v41596489,1.1.2.2.3,43982,,,,0
2007,Canada,2016A000011124,"Total, all industries (excluding management of companies and enterprises)",Mean operating revenues (dollars),Foreign control,Large enterprises,Dollars,81,thousands,3,v41596490,1.1.2.2.4,649715,,,,0
2008,Canada,2016A000011124,"Total, all industries (excluding management of companies and enterprises)",Number of enterprises,Canadian control,"Total enterprises, all sizes",Number,223,units,0,v41596475,1.1.1.1.1,1404382,,,,0
2008,Canada,2016A000011124,"Total, all industries (excluding management of companies and enterprises)",Number of enterprises,Canadian control,Small enterprises,Number,223,units,0,v41596476,1.1.1.1.2,1395850,,,,0
2008,Canada,2016A000011124,"Total, all industries (excluding management of companies and enterprises)",Number of enterprises,Canadian control,Medium enterprises,Number,223,units,0,v41596477,1.1.1.1.3,6496,,,,0
2008,Canada,2016A000011124,"Total, all industries (excluding management of companies and enterprises)",Number of enterprises,Canadian control,Large enterprises,Number,223,units,0,v41596478,1.1.1.1.4,2036,,,,0
2008,Canada,2016A000011124,"Total, all industries (excluding management of companies and enterprises)",Number of enterprises,Foreign control,"Total enterprises, all sizes",Number,223,units,0,v41596479,1.1.1.2.1,7640,,,,0
2008,Canada,2016A000011124,"Total, all industries (excluding management of companies and enterprises)",Number of enterprises,Foreign control,Small enterprises,Number,223,units,0,v41596480,1.1.1.2.2,5189,,,,0
2008,Canada,2016A000011124,"Total, all industries (excluding management of companies and enterprises)",Number of enterprises,Foreign control,Medium enterprises,Number,223,units,0,v41596481,1.1.1.2.3,1082,,,,0
2008,Canada,2016A000011124,"Total, all industries (excluding management of companies and enterprises)",Number of enterprises,Foreign control,Large enterprises,Number,223,units,0,v41596482,1.1.1.2.4,1369,,,,0
2008,Canada,2016A000011124,"Total, all industries (excluding management of companies and enterprises)",Mean operating revenues (dollars),Canadian control,"Total enterprises, all sizes",Dollars,81,thousands,3,v41596483,1.1.2.1.1,1654,,,,0
2008,Canada,2016A000011124,"Total, all industries (excluding management of companies and enterprises)",Mean operating revenues (dollars),Canadian control,Small enterprises,Dollars,81,thousands,3,v41596484,1.1.2.1.2,684,,,,0
2008,Canada,2016A000011124,"Total, all industries (excluding management of companies and enterprises)",Mean operating revenues (dollars),Canadian control,Medium enterprises,Dollars,81,thousands,3,v41596485,1.1.2.1.3,39986,,,,0
2008,Canada,2016A000011124,"Total, all industries (excluding management of companies and enterprises)",Mean operating revenues (dollars),Canadian control,Large enterprises,Dollars,81,thousands,3,v41596486,1.1.2.1.4,544610,,,,0
2008,Canada,2016A000011124,"Total, all industries (excluding management of companies and enterprises)",Mean operating revenues (dollars),Foreign control,"Total enterprises, all sizes",Dollars,81,thousands,3,v41596487,1.1.2.2.1,130744,,,,0
2008,Canada,2016A000011124,"Total, all industries (excluding management of companies and enterprises)",Mean operating revenues (dollars),Foreign control,Small enterprises,Dollars,81,thousands,3,v41596488,1.1.2.2.2,4537,,,,0
2008,Canada,2016A000011124,"Total, all industries (excluding management of companies and enterprises)",Mean operating revenues (dollars),Foreign control,Medium enterprises,Dollars,81,thousands,3,v41596489,1.1.2.2.3,44358,,,,0
2008,Canada,2016A000011124,"Total, all industries (excluding management of companies and enterprises)",Mean operating revenues (dollars),Foreign control,Large enterprises,Dollars,81,thousands,3,v41596490,1.1.2.2.4,677390,,,,0
2009,Canada,2016A000011124,"Total, all industries (excluding management of companies and enterprises)",Number of enterprises,Canadian control,"Total enterprises, all sizes",Number,223,units,0,v41596475,1.1.1.1.1,1309100,,,,0
2009,Canada,2016A000011124,"Total, all industries (excluding management of companies and enterprises)",Number of enterprises,Canadian control,Small enterprises,Number,223,units,0,v41596476,1.1.1.1.2,1301392,,,,0
2009,Canada,2016A000011124,"Total, all industries (excluding management of companies and enterprises)",Number of enterprises,Canadian control,Medium enterprises,Number,223,units,0,v41596477,1.1.1.1.3,5858,,,,0
2009,Canada,2016A000011124,"Total, all industries (excluding management of companies and enterprises)",Number of enterprises,Canadian control,Large enterprises,Number,223,units,0,v41596478,1.1.1.1.4,1850,,,,0
2009,Canada,2016A000011124,"Total, all industries (excluding management of companies and enterprises)",Number of enterprises,Foreign control,"Total enterprises, all sizes",Number,223,units,0,v41596479,1.1.1.2.1,7679,,,,0
2009,Canada,2016A000011124,"Total, all industries (excluding management of companies and enterprises)",Number of enterprises,Foreign control,Small enterprises,Number,223,units,0,v41596480,1.1.1.2.2,5244,,,,0
2009,Canada,2016A000011124,"Total, all industries (excluding management of companies and enterprises)",Number of enterprises,Foreign control,Medium enterprises,Number,223,units,0,v41596481,1.1.1.2.3,1074,,,,0
2009,Canada,2016A000011124,"Total, all industries (excluding management of companies and enterprises)",Number of enterprises,Foreign control,Large enterprises,Number,223,units,0,v41596482,1.1.1.2.4,1361,,,,0
2009,Canada,2016A000011124,"Total, all industries (excluding management of companies and enterprises)",Mean operating revenues (dollars),Canadian control,"Total enterprises, all sizes",Dollars,81,thousands,3,v41596483,1.1.2.1.1,1642,,,,0
2009,Canada,2016A000011124,"Total, all industries (excluding management of companies and enterprises)",Mean operating revenues (dollars),Canadian control,Small enterprises,Dollars,81,thousands,3,v41596484,1.1.2.1.2,700,,,,0
2009,Canada,2016A000011124,"Total, all industries (excluding management of companies and enterprises)",Mean operating revenues (dollars),Canadian control,Medium enterprises,Dollars,81,thousands,3,v41596485,1.1.2.1.3,39971,,,,0
2009,Canada,2016A000011124,"Total, all industries (excluding management of companies and enterprises)",Mean operating revenues (dollars),Canadian control,Large enterprises,Dollars,81,thousands,3,v41596486,1.1.2.1.4,542864,,,,0
2009,Canada,2016A000011124,"Total, all industries (excluding management of companies and enterprises)",Mean operating revenues (dollars),Foreign control,"Total enterprises, all sizes",Dollars,81,thousands,3,v41596487,1.1.2.2.1,113028,,,,0
2009,Canada,2016A000011124,"Total, all industries (excluding management of companies and enterprises)",Mean operating revenues (dollars),Foreign control,Small enterprises,Dollars,81,thousands,3,v41596488,1.1.2.2.2,4684,,,,0
2009,Canada,2016A000011124,"Total, all industries (excluding management of companies and enterprises)",Mean operating revenues (dollars),Foreign control,Medium enterprises,Dollars,81,thousands,3,v41596489,1.1.2.2.3,44027,,,,0
2009,Canada,2016A000011124,"Total, all industries (excluding management of companies and enterprises)",Mean operating revenues (dollars),Foreign control,Large enterprises,Dollars,81,thousands,3,v41596490,1.1.2.2.4,584934,,,,0
2010,Canada,2016A000011124,"Total, all industries (excluding management of companies and enterprises)",Number of enterprises,Canadian control,"Total enterprises, all sizes",Number,223,units,0,v41596475,1.1.1.1.1,1337827,,,,0
2010,Canada,2016A000011124,"Total, all industries (excluding management of companies and enterprises)",Number of enterprises,Canadian control,Small enterprises,Number,223,units,0,v41596476,1.1.1.1.2,1330051,,,,0
2010,Canada,2016A000011124,"Total, all industries (excluding management of companies and enterprises)",Number of enterprises,Canadian control,Medium enterprises,Number,223,units,0,v41596477,1.1.1.1.3,5942,,,,0
2010,Canada,2016A000011124,"Total, all industries (excluding management of companies and enterprises)",Number of enterprises,Canadian control,Large enterprises,Number,223,units,0,v41596478,1.1.1.1.4,1834,,,,0
2010,Canada,2016A000011124,"Total, all industries (excluding management of companies and enterprises)",Number of enterprises,Foreign control,"Total enterprises, all sizes",Number,223,units,0,v41596479,1.1.1.2.1,7745,,,,0
2010,Canada,2016A000011124,"Total, all industries (excluding management of companies and enterprises)",Number of enterprises,Foreign control,Small enterprises,Number,223,units,0,v41596480,1.1.1.2.2,5312,,,,0
2010,Canada,2016A000011124,"Total, all industries (excluding management of companies and enterprises)",Number of enterprises,Foreign control,Medium enterprises,Number,223,units,0,v41596481,1.1.1.2.3,1064,,,,0
2010,Canada,2016A000011124,"Total, all industries (excluding management of companies and enterprises)",Number of enterprises,Foreign control,Large enterprises,Number,223,units,0,v41596482,1.1.1.2.4,1369,,,,0
2010,Canada,2016A000011124,"Total, all industries (excluding management of companies and enterprises)",Mean operating revenues (dollars),Canadian control,"Total enterprises, all sizes",Dollars,81,thousands,3,v41596483,1.1.2.1.1,1579,,,,0
2010,Canada,2016A000011124,"Total, all industries (excluding management of companies and enterprises)",Mean operating revenues (dollars),Canadian control,Small enterprises,Dollars,81,thousands,3,v41596484,1.1.2.1.2,674,,,,0
2010,Canada,2016A000011124,"Total, all industries (excluding management of companies and enterprises)",Mean operating revenues (dollars),Canadian control,Medium enterprises,Dollars,81,thousands,3,v41596485,1.1.2.1.3,40319,,,,0
2010,Canada,2016A000011124,"Total, all industries (excluding management of companies and enterprises)",Mean operating revenues (dollars),Canadian control,Large enterprises,Dollars,81,thousands,3,v41596486,1.1.2.1.4,532464,,,,0
2010,Canada,2016A000011124,"Total, all industries (excluding management of companies and enterprises)",Mean operating revenues (dollars),Foreign control,"Total enterprises, all sizes",Dollars,81,thousands,3,v41596487,1.1.2.2.1,119572,,,,0
2010,Canada,2016A000011124,"Total, all industries (excluding management of companies and enterprises)",Mean operating revenues (dollars),Foreign control,Small enterprises,Dollars,81,thousands,3,v41596488,1.1.2.2.2,4202,,,,0
2010,Canada,2016A000011124,"Total, all industries (excluding management of companies and enterprises)",Mean operating revenues (dollars),Foreign control,Medium enterprises,Dollars,81,thousands,3,v41596489,1.1.2.2.3,44519,,,,0
2010,Canada,2016A000011124,"Total, all industries (excluding management of companies and enterprises)",Mean operating revenues (dollars),Foreign control,Large enterprises,Dollars,81,thousands,3,v41596490,1.1.2.2.4,625560,,,,0
2011,Canada,2016A000011124,"Total, all industries (excluding management of companies and enterprises)",Number of enterprises,Canadian control,"Total enterprises, all sizes",Number,223,units,0,v41596475,1.1.1.1.1,1346712,,,,0
2011,Canada,2016A000011124,"Total, all industries (excluding management of companies and enterprises)",Number of enterprises,Canadian control,Small enterprises,Number,223,units,0,v41596476,1.1.1.1.2,1338231,,,,0
2011,Canada,2016A000011124,"Total, all industries (excluding management of companies and enterprises)",Number of enterprises,Canadian control,Medium enterprises,Number,223,units,0,v41596477,1.1.1.1.3,6438,,,,0
2011,Canada,2016A000011124,"Total, all industries (excluding management of companies and enterprises)",Number of enterprises,Canadian control,Large enterprises,Number,223,units,0,v41596478,1.1.1.1.4,2043,,,,0
2011,Canada,2016A000011124,"Total, all industries (excluding management of companies and enterprises)",Number of enterprises,Foreign control,"Total enterprises, all sizes",Number,223,units,0,v41596479,1.1.1.2.1,7940,,,,0
2011,Canada,2016A000011124,"Total, all industries (excluding management of companies and enterprises)",Number of enterprises,Foreign control,Small enterprises,Number,223,units,0,v41596480,1.1.1.2.2,5442,,,,0
2011,Canada,2016A000011124,"Total, all industries (excluding management of companies and enterprises)",Number of enterprises,Foreign control,Medium enterprises,Number,223,units,0,v41596481,1.1.1.2.3,1093,,,,0
2011,Canada,2016A000011124,"Total, all industries (excluding management of companies and enterprises)",Number of enterprises,Foreign control,Large enterprises,Number,223,units,0,v41596482,1.1.1.2.4,1405,,,,0
2011,Canada,2016A000011124,"Total, all industries (excluding management of companies and enterprises)",Mean operating revenues (dollars),Canadian control,"Total enterprises, all sizes",Dollars,81,thousands,3,v41596483,1.1.2.1.1,1706,,,,0
2011,Canada,2016A000011124,"Total, all industries (excluding management of companies and enterprises)",Mean operating revenues (dollars),Canadian control,Small enterprises,Dollars,81,thousands,3,v41596484,1.1.2.1.2,703,,,,0
2011,Canada,2016A000011124,"Total, all industries (excluding management of companies and enterprises)",Mean operating revenues (dollars),Canadian control,Medium enterprises,Dollars,81,thousands,3,v41596485,1.1.2.1.3,40165,,,,0
2011,Canada,2016A000011124,"Total, all industries (excluding management of companies and enterprises)",Mean operating revenues (dollars),Canadian control,Large enterprises,Dollars,81,thousands,3,v41596486,1.1.2.1.4,537402,,,,0
2011,Canada,2016A000011124,"Total, all industries (excluding management of companies and enterprises)",Mean operating revenues (dollars),Foreign control,"Total enterprises, all sizes",Dollars,81,thousands,3,v41596487,1.1.2.2.1,125394,,,,0
2011,Canada,2016A000011124,"Total, all industries (excluding management of companies and enterprises)",Mean operating revenues (dollars),Foreign control,Small enterprises,Dollars,81,thousands,3,v41596488,1.1.2.2.2,4029,,,,0
2011,Canada,2016A000011124,"Total, all industries (excluding management of companies and enterprises)",Mean operating revenues (dollars),Foreign control,Medium enterprises,Dollars,81,thousands,3,v41596489,1.1.2.2.3,45196,,,,0
2011,Canada,2016A000011124,"Total, all industries (excluding management of companies and enterprises)",Mean operating revenues (dollars),Foreign control,Large enterprises,Dollars,81,thousands,3,v41596490,1.1.2.2.4,657867,,,,0
2012,Canada,2016A000011124,"Total, all industries (excluding management of companies and enterprises)",Number of enterprises,Canadian control,"Total enterprises, all sizes",Number,223,units,0,v41596475,1.1.1.1.1,1357655,,,,0
2012,Canada,2016A000011124,"Total, all industries (excluding management of companies and enterprises)",Number of enterprises,Canadian control,Small enterprises,Number,223,units,0,v41596476,1.1.1.1.2,1348806,,,,0
2012,Canada,2016A000011124,"Total, all industries (excluding management of companies and enterprises)",Number of enterprises,Canadian control,Medium enterprises,Number,223,units,0,v41596477,1.1.1.1.3,6673,,,,0
2012,Canada,2016A000011124,"Total, all industries (excluding management of companies and enterprises)",Number of enterprises,Canadian control,Large enterprises,Number,223,units,0,v41596478,1.1.1.1.4,2176,,,,0
2012,Canada,2016A000011124,"Total, all industries (excluding management of companies and enterprises)",Number of enterprises,Foreign control,"Total enterprises, all sizes",Number,223,units,0,v41596479,1.1.1.2.1,8746,,,,0
2012,Canada,2016A000011124,"Total, all industries (excluding management of companies and enterprises)",Number of enterprises,Foreign control,Small enterprises,Number,223,units,0,v41596480,1.1.1.2.2,6071,,,,0
2012,Canada,2016A000011124,"Total, all industries (excluding management of companies and enterprises)",Number of enterprises,Foreign control,Medium enterprises,Number,223,units,0,v41596481,1.1.1.2.3,1169,,,,0
2012,Canada,2016A000011124,"Total, all industries (excluding management of companies and enterprises)",Number of enterprises,Foreign control,Large enterprises,Number,223,units,0,v41596482,1.1.1.2.4,1506,,,,0
2012,Canada,2016A000011124,"Total, all industries (excluding management of companies and enterprises)",Mean operating revenues (dollars),Canadian control,"Total enterprises, all sizes",Dollars,81,thousands,3,v41596483,1.1.2.1.1,1722,,,,0
2012,Canada,2016A000011124,"Total, all industries (excluding management of companies and enterprises)",Mean operating revenues (dollars),Canadian control,Small enterprises,Dollars,81,thousands,3,v41596484,1.1.2.1.2,723,,,,0
2012,Canada,2016A000011124,"Total, all industries (excluding management of companies and enterprises)",Mean operating revenues (dollars),Canadian control,Medium enterprises,Dollars,81,thousands,3,v41596485,1.1.2.1.3,40024,,,,0
2012,Canada,2016A000011124,"Total, all industries (excluding management of companies and enterprises)",Mean operating revenues (dollars),Canadian control,Large enterprises,Dollars,81,thousands,3,v41596486,1.1.2.1.4,503608,,,,0
2012,Canada,2016A000011124,"Total, all industries (excluding management of companies and enterprises)",Mean operating revenues (dollars),Foreign control,"Total enterprises, all sizes",Dollars,81,thousands,3,v41596487,1.1.2.2.1,121142,,,,0
2012,Canada,2016A000011124,"Total, all industries (excluding management of companies and enterprises)",Mean operating revenues (dollars),Foreign control,Small enterprises,Dollars,81,thousands,3,v41596488,1.1.2.2.2,4112,,,,0
2012,Canada,2016A000011124,"Total, all industries (excluding management of companies and enterprises)",Mean operating revenues (dollars),Foreign control,Medium enterprises,Dollars,81,thousands,3,v41596489,1.1.2.2.3,44970,,,,0
2012,Canada,2016A000011124,"Total, all industries (excluding management of companies and enterprises)",Mean operating revenues (dollars),Foreign control,Large enterprises,Dollars,81,thousands,3,v41596490,1.1.2.2.4,652040,,,,0
2013,Canada,2016A000011124,"Total, all industries (excluding management of companies and enterprises)",Number of enterprises,Canadian control,"Total enterprises, all sizes",Number,223,units,0,v41596475,1.1.1.1.1,1582485,,,,0
2013,Canada,2016A000011124,"Total, all industries (excluding management of companies and enterprises)",Number of enterprises,Canadian control,Small enterprises,Number,223,units,0,v41596476,1.1.1.1.2,1573152,,,,0
2013,Canada,2016A000011124,"Total, all industries (excluding management of companies and enterprises)",Number of enterprises,Canadian control,Medium enterprises,Number,223,units,0,v41596477,1.1.1.1.3,7005,,,,0
2013,Canada,2016A000011124,"Total, all industries (excluding management of companies and enterprises)",Number of enterprises,Canadian control,Large enterprises,Number,223,units,0,v41596478,1.1.1.1.4,2328,,,,0
2013,Canada,2016A000011124,"Total, all industries (excluding management of companies and enterprises)",Number of enterprises,Foreign control,"Total enterprises, all sizes",Number,223,units,0,v41596479,1.1.1.2.1,10516,,,,0
2013,Canada,2016A000011124,"Total, all industries (excluding management of companies and enterprises)",Number of enterprises,Foreign control,Small enterprises,Number,223,units,0,v41596480,1.1.1.2.2,7682,,,,0
2013,Canada,2016A000011124,"Total, all industries (excluding management of companies and enterprises)",Number of enterprises,Foreign control,Medium enterprises,Number,223,units,0,v41596481,1.1.1.2.3,1288,,,,0
2013,Canada,2016A000011124,"Total, all industries (excluding management of companies and enterprises)",Number of enterprises,Foreign control,Large enterprises,Number,223,units,0,v41596482,1.1.1.2.4,1546,,,,0
2013,Canada,2016A000011124,"Total, all industries (excluding management of companies and enterprises)",Mean operating revenues (dollars),Canadian control,"Total enterprises, all sizes",Dollars,81,thousands,3,v41596483,1.1.2.1.1,1546,,,,0
2013,Canada,2016A000011124,"Total, all industries (excluding management of companies and enterprises)",Mean operating revenues (dollars),Canadian control,Small enterprises,Dollars,81,thousands,3,v41596484,1.1.2.1.2,662,,,,0
2013,Canada,2016A000011124,"Total, all industries (excluding management of companies and enterprises)",Mean operating revenues (dollars),Canadian control,Medium enterprises,Dollars,81,thousands,3,v41596485,1.1.2.1.3,40051,,,,0
2013,Canada,2016A000011124,"Total, all industries (excluding management of companies and enterprises)",Mean operating revenues (dollars),Canadian control,Large enterprises,Dollars,81,thousands,3,v41596486,1.1.2.1.4,482910,,,,0
2013,Canada,2016A000011124,"Total, all industries (excluding management of companies and enterprises)",Mean operating revenues (dollars),Foreign control,"Total enterprises, all sizes",Dollars,81,thousands,3,v41596487,1.1.2.2.1,101104,,,,0
2013,Canada,2016A000011124,"Total, all industries (excluding management of companies and enterprises)",Mean operating revenues (dollars),Foreign control,Small enterprises,Dollars,81,thousands,3,v41596488,1.1.2.2.2,3424,,,,0
2013,Canada,2016A000011124,"Total, all industries (excluding management of companies and enterprises)",Mean operating revenues (dollars),Foreign control,Medium enterprises,Dollars,81,thousands,3,v41596489,1.1.2.2.3,44952,,,,0
2013,Canada,2016A000011124,"Total, all industries (excluding management of companies and enterprises)",Mean operating revenues (dollars),Foreign control,Large enterprises,Dollars,81,thousands,3,v41596490,1.1.2.2.4,633257,,,,0
2014,Canada,2016A000011124,"Total, all industries (excluding management of companies and enterprises)",Number of enterprises,Canadian control,"Total enterprises, all sizes",Number,223,units,0,v41596475,1.1.1.1.1,1648577,,,,0
2014,Canada,2016A000011124,"Total, all industries (excluding management of companies and enterprises)",Number of enterprises,Canadian control,Small enterprises,Number,223,units,0,v41596476,1.1.1.1.2,1638541,,,,0
2014,Canada,2016A000011124,"Total, all industries (excluding management of companies and enterprises)",Number of enterprises,Canadian control,Medium enterprises,Number,223,units,0,v41596477,1.1.1.1.3,7556,,,,0
2014,Canada,2016A000011124,"Total, all industries (excluding management of companies and enterprises)",Number of enterprises,Canadian control,Large enterprises,Number,223,units,0,v41596478,1.1.1.1.4,2480,,,,0
2014,Canada,2016A000011124,"Total, all industries (excluding management of companies and enterprises)",Number of enterprises,Foreign control,"Total enterprises, all sizes",Number,223,units,0,v41596479,1.1.1.2.1,10501,,,,0
2014,Canada,2016A000011124,"Total, all industries (excluding management of companies and enterprises)",Number of enterprises,Foreign control,Small enterprises,Number,223,units,0,v41596480,1.1.1.2.2,7593,,,,0
2014,Canada,2016A000011124,"Total, all industries (excluding management of companies and enterprises)",Number of enterprises,Foreign control,Medium enterprises,Number,223,units,0,v41596481,1.1.1.2.3,1283,,,,0
2014,Canada,2016A000011124,"Total, all industries (excluding management of companies and enterprises)",Number of enterprises,Foreign control,Large enterprises,Number,223,units,0,v41596482,1.1.1.2.4,1625,,,,0
2014,Canada,2016A000011124,"Total, all industries (excluding management of companies and enterprises)",Mean operating revenues (dollars),Canadian control,"Total enterprises, all sizes",Dollars,81,thousands,3,v41596483,1.1.2.1.1,1591,,,,0
2014,Canada,2016A000011124,"Total, all industries (excluding management of companies and enterprises)",Mean operating revenues (dollars),Canadian control,Small enterprises,Dollars,81,thousands,3,v41596484,1.1.2.1.2,662,,,,0
2014,Canada,2016A000011124,"Total, all industries (excluding management of companies and enterprises)",Mean operating revenues (dollars),Canadian control,Medium enterprises,Dollars,81,thousands,3,v41596485,1.1.2.1.3,40094,,,,0
2014,Canada,2016A000011124,"Total, all industries (excluding management of companies and enterprises)",Mean operating revenues (dollars),Canadian control,Large enterprises,Dollars,81,thousands,3,v41596486,1.1.2.1.4,497509,,,,0
2014,Canada,2016A000011124,"Total, all industries (excluding management of companies and enterprises)",Mean operating revenues (dollars),Foreign control,"Total enterprises, all sizes",Dollars,81,thousands,3,v41596487,1.1.2.2.1,105675,,,,0
2014,Canada,2016A000011124,"Total, all industries (excluding management of companies and enterprises)",Mean operating revenues (dollars),Foreign control,Small enterprises,Dollars,81,thousands,3,v41596488,1.1.2.2.2,3797,,,,0
2014,Canada,2016A000011124,"Total, all industries (excluding management of companies and enterprises)",Mean operating revenues (dollars),Foreign control,Medium enterprises,Dollars,81,thousands,3,v41596489,1.1.2.2.3,45426,,,,0
2014,Canada,2016A000011124,"Total, all industries (excluding management of companies and enterprises)",Mean operating revenues (dollars),Foreign control,Large enterprises,Dollars,81,thousands,3,v41596490,1.1.2.2.4,629281,,,,0
2015,Canada,2016A000011124,"Total, all industries (excluding management of companies and enterprises)",Number of enterprises,Canadian control,"Total enterprises, all sizes",Number,223,units,0,v41596475,1.1.1.1.1,1680462,,,,0
2015,Canada,2016A000011124,"Total, all industries (excluding management of companies and enterprises)",Number of enterprises,Canadian control,Small enterprises,Number,223,units,0,v41596476,1.1.1.1.2,1670112,,,,0
2015,Canada,2016A000011124,"Total, all industries (excluding management of companies and enterprises)",Number of enterprises,Canadian control,Medium enterprises,Number,223,units,0,v41596477,1.1.1.1.3,7763,,,,0
2015,Canada,2016A000011124,"Total, all industries (excluding management of companies and enterprises)",Number of enterprises,Canadian control,Large enterprises,Number,223,units,0,v41596478,1.1.1.1.4,2587,,,,0
2015,Canada,2016A000011124,"Total, all industries (excluding management of companies and enterprises)",Number of enterprises,Foreign control,"Total enterprises, all sizes",Number,223,units,0,v41596479,1.1.1.2.1,10975,,,,0
2015,Canada,2016A000011124,"Total, all industries (excluding management of companies and enterprises)",Number of enterprises,Foreign control,Small enterprises,Number,223,units,0,v41596480,1.1.1.2.2,7926,,,,0
2015,Canada,2016A000011124,"Total, all industries (excluding management of companies and enterprises)",Number of enterprises,Foreign control,Medium enterprises,Number,223,units,0,v41596481,1.1.1.2.3,1416,,,,0
2015,Canada,2016A000011124,"Total, all industries (excluding management of companies and enterprises)",Number of enterprises,Foreign control,Large enterprises,Number,223,units,0,v41596482,1.1.1.2.4,1633,,,,0
2015,Canada,2016A000011124,"Total, all industries (excluding management of companies and enterprises)",Mean operating revenues (dollars),Canadian control,"Total enterprises, all sizes",Dollars,81,thousands,3,v41596483,1.1.2.1.1,1561,,,,0
2015,Canada,2016A000011124,"Total, all industries (excluding management of companies and enterprises)",Mean operating revenues (dollars),Canadian control,Small enterprises,Dollars,81,thousands,3,v41596484,1.1.2.1.2,667,,,,0
2015,Canada,2016A000011124,"Total, all industries (excluding management of companies and enterprises)",Mean operating revenues (dollars),Canadian control,Medium enterprises,Dollars,81,thousands,3,v41596485,1.1.2.1.3,40331,,,,0
2015,Canada,2016A000011124,"Total, all industries (excluding management of companies and enterprises)",Mean operating revenues (dollars),Canadian control,Large enterprises,Dollars,81,thousands,3,v41596486,1.1.2.1.4,462154,,,,0
2015,Canada,2016A000011124,"Total, all industries (excluding management of companies and enterprises)",Mean operating revenues (dollars),Foreign control,"Total enterprises, all sizes",Dollars,81,thousands,3,v41596487,1.1.2.2.1,96679,,,,0
2015,Canada,2016A000011124,"Total, all industries (excluding management of companies and enterprises)",Mean operating revenues (dollars),Foreign control,Small enterprises,Dollars,81,thousands,3,v41596488,1.1.2.2.2,4022,,,,0
2015,Canada,2016A000011124,"Total, all industries (excluding management of companies and enterprises)",Mean operating revenues (dollars),Foreign control,Medium enterprises,Dollars,81,thousands,3,v41596489,1.1.2.2.3,45211,,,,0
2015,Canada,2016A000011124,"Total, all industries (excluding management of companies and enterprises)",Mean operating revenues (dollars),Foreign control,Large enterprises,Dollars,81,thousands,3,v41596490,1.1.2.2.4,591035,,,,0
2016,Canada,2016A000011124,"Total, all industries (excluding management of companies and enterprises)",Number of enterprises,Canadian control,"Total enterprises, all sizes",Number,223,units,0,v41596475,1.1.1.1.1,1783929,,,,0
2016,Canada,2016A000011124,"Total, all industries (excluding management of companies and enterprises)",Number of enterprises,Canadian control,Small enterprises,Number,223,units,0,v41596476,1.1.1.1.2,1773403,,,,0
2016,Canada,2016A000011124,"Total, all industries (excluding management of companies and enterprises)",Number of enterprises,Canadian control,Medium enterprises,Number,223,units,0,v41596477,1.1.1.1.3,7880,,,,0
2016,Canada,2016A000011124,"Total, all industries (excluding management of companies and enterprises)",Number of enterprises,Canadian control,Large enterprises,Number,223,units,0,v41596478,1.1.1.1.4,2646,,,,0
2016,Canada,2016A000011124,"Total, all industries (excluding management of companies and enterprises)",Number of enterprises,Foreign control,"Total enterprises, all sizes",Number,223,units,0,v41596479,1.1.1.2.1,11176,,,,0
2016,Canada,2016A000011124,"Total, all industries (excluding management of companies and enterprises)",Number of enterprises,Foreign control,Small enterprises,Number,223,units,0,v41596480,1.1.1.2.2,8078,,,,0
2016,Canada,2016A000011124,"Total, all industries (excluding management of companies and enterprises)",Number of enterprises,Foreign control,Medium enterprises,Number,223,units,0,v41596481,1.1.1.2.3,1449,,,,0
2016,Canada,2016A000011124,"Total, all industries (excluding management of companies and enterprises)",Number of enterprises,Foreign control,Large enterprises,Number,223,units,0,v41596482,1.1.1.2.4,1649,,,,0
2016,Canada,2016A000011124,"Total, all industries (excluding management of companies and enterprises)",Mean operating revenues (dollars),Canadian control,"Total enterprises, all sizes",Dollars,81,thousands,3,v41596483,1.1.2.1.1,1498,,,,0
2016,Canada,2016A000011124,"Total, all industries (excluding management of companies and enterprises)",Mean operating revenues (dollars),Canadian control,Small enterprises,Dollars,81,thousands,3,v41596484,1.1.2.1.2,641,,,,0
2016,Canada,2016A000011124,"Total, all industries (excluding management of companies and enterprises)",Mean operating revenues (dollars),Canadian control,Medium enterprises,Dollars,81,thousands,3,v41596485,1.1.2.1.3,40248,,,,0
2016,Canada,2016A000011124,"Total, all industries (excluding management of companies and enterprises)",Mean operating revenues (dollars),Canadian control,Large enterprises,Dollars,81,thousands,3,v41596486,1.1.2.1.4,460815,,,,0
2016,Canada,2016A000011124,"Total, all industries (excluding management of companies and enterprises)",Mean operating revenues (dollars),Foreign control,"Total enterprises, all sizes",Dollars,81,thousands,3,v41596487,1.1.2.2.1,96078,,,,0
2016,Canada,2016A000011124,"Total, all industries (excluding management of companies and enterprises)",Mean operating revenues (dollars),Foreign control,Small enterprises,Dollars,81,thousands,3,v41596488,1.1.2.2.2,3956,,,,0
2016,Canada,2016A000011124,"Total, all industries (excluding management of companies and enterprises)",Mean operating revenues (dollars),Foreign control,Medium enterprises,Dollars,81,thousands,3,v41596489,1.1.2.2.3,44648,,,,0
2016,Canada,2016A000011124,"Total, all industries (excluding management of companies and enterprises)",Mean operating revenues (dollars),Foreign control,Large enterprises,Dollars,81,thousands,3,v41596490,1.1.2.2.4,592551,,,,0
2017,Canada,2016A000011124,"Total, all industries (excluding management of companies and enterprises)",Number of enterprises,Canadian control,"Total enterprises, all sizes",Number,223,units,0,v41596475,1.1.1.1.1,1801500,,,,0
2017,Canada,2016A000011124,"Total, all industries (excluding management of companies and enterprises)",Number of enterprises,Canadian control,Small enterprises,Number,223,units,0,v41596476,1.1.1.1.2,1790272,,,,0
2017,Canada,2016A000011124,"Total, all industries (excluding management of companies and enterprises)",Number of enterprises,Canadian control,Medium enterprises,Number,223,units,0,v41596477,1.1.1.1.3,8377,,,,0
2017,Canada,2016A000011124,"Total, all industries (excluding management of companies and enterprises)",Number of enterprises,Canadian control,Large enterprises,Number,223,units,0,v41596478,1.1.1.1.4,2851,,,,0
2017,Canada,2016A000011124,"Total, all industries (excluding management of companies and enterprises)",Number of enterprises,Foreign control,"Total enterprises, all sizes",Number,223,units,0,v41596479,1.1.1.2.1,11176,,,,0
2017,Canada,2016A000011124,"Total, all industries (excluding management of companies and enterprises)",Number of enterprises,Foreign control,Small enterprises,Number,223,units,0,v41596480,1.1.1.2.2,7912,,,,0
2017,Canada,2016A000011124,"Total, all industries (excluding management of companies and enterprises)",Number of enterprises,Foreign control,Medium enterprises,Number,223,units,0,v41596481,1.1.1.2.3,1501,,,,0
2017,Canada,2016A000011124,"Total, all industries (excluding management of companies and enterprises)",Number of enterprises,Foreign control,Large enterprises,Number,223,units,0,v41596482,1.1.1.2.4,1763,,,,0
2017,Canada,2016A000011124,"Total, all industries (excluding management of companies and enterprises)",Mean operating revenues (dollars),Canadian control,"Total enterprises, all sizes",Dollars,81,thousands,3,v41596483,1.1.2.1.1,1585,,,,0
2017,Canada,2016A000011124,"Total, all industries (excluding management of companies and enterprises)",Mean operating revenues (dollars),Canadian control,Small enterprises,Dollars,81,thousands,3,v41596484,1.1.2.1.2,657,,,,0
2017,Canada,2016A000011124,"Total, all industries (excluding management of companies and enterprises)",Mean operating revenues (dollars),Canadian control,Medium enterprises,Dollars,81,thousands,3,v41596485,1.1.2.1.3,40305,,,,0
2017,Canada,2016A000011124,"Total, all industries (excluding management of companies and enterprises)",Mean operating revenues (dollars),Canadian control,Large enterprises,Dollars,81,thousands,3,v41596486,1.1.2.1.4,469944,,,,0
2017,Canada,2016A000011124,"Total, all industries (excluding management of companies and enterprises)",Mean operating revenues (dollars),Foreign control,"Total enterprises, all sizes",Dollars,81,thousands,3,v41596487,1.1.2.2.1,102620,,,,0
2017,Canada,2016A000011124,"Total, all industries (excluding management of companies and enterprises)",Mean operating revenues (dollars),Foreign control,Small enterprises,Dollars,81,thousands,3,v41596488,1.1.2.2.2,3961,,,,0
2017,Canada,2016A000011124,"Total, all industries (excluding management of companies and enterprises)",Mean operating revenues (dollars),Foreign control,Medium enterprises,Dollars,81,thousands,3,v41596489,1.1.2.2.3,44459,,,,0
2017,Canada,2016A000011124,"Total, all industries (excluding management of companies and enterprises)",Mean operating revenues (dollars),Foreign control,Large enterprises,Dollars,81,thousands,3,v41596490,1.1.2.2.4,594900,,,,0
2018,Canada,2016A000011124,"Total, all industries (excluding management of companies and enterprises)",Number of enterprises,Canadian control,"Total enterprises, all sizes",Number,223,units,0,v41596475,1.1.1.1.1,1888689,,,,0
2018,Canada,2016A000011124,"Total, all industries (excluding management of companies and enterprises)",Number of enterprises,Canadian control,Small enterprises,Number,223,units,0,v41596476,1.1.1.1.2,1876544,,,,0
2018,Canada,2016A000011124,"Total, all industries (excluding management of companies and enterprises)",Number of enterprises,Canadian control,Medium enterprises,Number,223,units,0,v41596477,1.1.1.1.3,9014,,,,0
2018,Canada,2016A000011124,"Total, all industries (excluding management of companies and enterprises)",Number of enterprises,Canadian control,Large enterprises,Number,223,units,0,v41596478,1.1.1.1.4,3132,,,,0
2018,Canada,2016A000011124,"Total, all industries (excluding management of companies and enterprises)",Number of enterprises,Foreign control,"Total enterprises, all sizes",Number,223,units,0,v41596479,1.1.1.2.1,11406,,,,0
2018,Canada,2016A000011124,"Total, all industries (excluding management of companies and enterprises)",Number of enterprises,Foreign control,Small enterprises,Number,223,units,0,v41596480,1.1.1.2.2,7963,,,,0
2018,Canada,2016A000011124,"Total, all industries (excluding management of companies and enterprises)",Number of enterprises,Foreign control,Medium enterprises,Number,223,units,0,v41596481,1.1.1.2.3,1580,,,,0
2018,Canada,2016A000011124,"Total, all industries (excluding management of companies and enterprises)",Number of enterprises,Foreign control,Large enterprises,Number,223,units,0,v41596482,1.1.1.2.4,1863,,,,0
2018,Canada,2016A000011124,"Total, all industries (excluding management of companies and enterprises)",Mean operating revenues (dollars),Canadian control,"Total enterprises, all sizes",Dollars,81,thousands,3,v41596483,1.1.2.1.1,1629,,,,0
2018,Canada,2016A000011124,"Total, all industries (excluding management of companies and enterprises)",Mean operating revenues (dollars),Canadian control,Small enterprises,Dollars,81,thousands,3,v41596484,1.1.2.1.2,659,,,,0
2018,Canada,2016A000011124,"Total, all industries (excluding management of companies and enterprises)",Mean operating revenues (dollars),Canadian control,Medium enterprises,Dollars,81,thousands,3,v41596485,1.1.2.1.3,40212,,,,0
2018,Canada,2016A000011124,"Total, all industries (excluding management of companies and enterprises)",Mean operating revenues (dollars),Canadian control,Large enterprises,Dollars,81,thousands,3,v41596486,1.1.2.1.4,472093,,,,0
2018,Canada,2016A000011124,"Total, all industries (excluding management of companies and enterprises)",Mean operating revenues (dollars),Foreign control,"Total enterprises, all sizes",Dollars,81,thousands,3,v41596487,1.1.2.2.1,106339,,,,0
2018,Canada,2016A000011124,"Total, all industries (excluding management of companies and enterprises)",Mean operating revenues (dollars),Foreign control,Small enterprises,Dollars,81,thousands,3,v41596488,1.1.2.2.2,4067,,,,0
2018,Canada,2016A000011124,"Total, all industries (excluding management of companies and enterprises)",Mean operating revenues (dollars),Foreign control,Medium enterprises,Dollars,81,thousands,3,v41596489,1.1.2.2.3,44315,,,,0
2018,Canada,2016A000011124,"Total, all industries (excluding management of companies and enterprises)",Mean operating revenues (dollars),Foreign control,Large enterprises,Dollars,81,thousands,3,v41596490,1.1.2.2.4,596081,,,,0
2019,Canada,2016A000011124,"Total, all industries (excluding management of companies and enterprises)",Number of enterprises,Canadian control,"Total enterprises, all sizes",Number,223,units,0,v41596475,1.1.1.1.1,1925960,,,,0
2019,Canada,2016A000011124,"Total, all industries (excluding management of companies and enterprises)",Number of enterprises,Canadian control,Small enterprises,Number,223,units,0,v41596476,1.1.1.1.2,1913320,,,,0
2019,Canada,2016A000011124,"Total, all industries (excluding management of companies and enterprises)",Number of enterprises,Canadian control,Medium enterprises,Number,223,units,0,v41596477,1.1.1.1.3,9441,,,,0
2019,Canada,2016A000011124,"Total, all industries (excluding management of companies and enterprises)",Number of enterprises,Canadian control,Large enterprises,Number,223,units,0,v41596478,1.1.1.1.4,3199,,,,0
2019,Canada,2016A000011124,"Total, all industries (excluding management of companies and enterprises)",Number of enterprises,Foreign control,"Total enterprises, all sizes",Number,223,units,0,v41596479,1.1.1.2.1,11059,,,,0
2019,Canada,2016A000011124,"Total, all industries (excluding management of companies and enterprises)",Number of enterprises,Foreign control,Small enterprises,Number,223,units,0,v41596480,1.1.1.2.2,7558,,,,0
2019,Canada,2016A000011124,"Total, all industries (excluding management of companies and enterprises)",Number of enterprises,Foreign control,Medium enterprises,Number,223,units,0,v41596481,1.1.1.2.3,1639,,,,0
2019,Canada,2016A000011124,"Total, all industries (excluding management of companies and enterprises)",Number of enterprises,Foreign control,Large enterprises,Number,223,units,0,v41596482,1.1.1.2.4,1863,,,,0
2019,Canada,2016A000011124,"Total, all industries (excluding management of companies and enterprises)",Mean operating revenues (dollars),Canadian control,"Total enterprises, all sizes",Dollars,81,thousands,3,v41596483,1.1.2.1.1,1666,,,,0
2019,Canada,2016A000011124,"Total, all industries (excluding management of companies and enterprises)",Mean operating revenues (dollars),Canadian control,Small enterprises,Dollars,81,thousands,3,v41596484,1.1.2.1.2,661,,,,0
2019,Canada,2016A000011124,"Total, all industries (excluding management of companies and enterprises)",Mean operating revenues (dollars),Canadian control,Medium enterprises,Dollars,81,thousands,3,v41596485,1.1.2.1.3,40324,,,,0
2019,Canada,2016A000011124,"Total, all industries (excluding management of companies and enterprises)",Mean operating revenues (dollars),Canadian control,Large enterprises,Dollars,81,thousands,3,v41596486,1.1.2.1.4,488633,,,,0
2019,Canada,2016A000011124,"Total, all industries (excluding management of companies and enterprises)",Mean operating revenues (dollars),Foreign control,"Total enterprises, all sizes",Dollars,81,thousands,3,v41596487,1.1.2.2.1,111992,,,,0
2019,Canada,2016A000011124,"Total, all industries (excluding management of companies and enterprises)",Mean operating revenues (dollars),Foreign control,Small enterprises,Dollars,81,thousands,3,v41596488,1.1.2.2.2,4176,,,,0
2019,Canada,2016A000011124,"Total, all industries (excluding management of companies and enterprises)",Mean operating revenues (dollars),Foreign control,Medium enterprises,Dollars,81,thousands,3,v41596489,1.1.2.2.3,44594,,,,0
2019,Canada,2016A000011124,"Total, all industries (excluding management of companies and enterprises)",Mean operating revenues (dollars),Foreign control,Large enterprises,Dollars,81,thousands,3,v41596490,1.1.2.2.4,608668,,,,0
2020,Canada,2016A000011124,"Total, all industries (excluding management of companies and enterprises)",Number of enterprises,Canadian control,"Total enterprises, all sizes",Number,223,units,0,v41596475,1.1.1.1.1,1882943,,,,0
2020,Canada,2016A000011124,"Total, all industries (excluding management of companies and enterprises)",Number of enterprises,Canadian control,Small enterprises,Number,223,units,0,v41596476,1.1.1.1.2,1870563,,,,0
2020,Canada,2016A000011124,"Total, all industries (excluding management of companies and enterprises)",Number of enterprises,Canadian control,Medium enterprises,Number,223,units,0,v41596477,1.1.1.1.3,9339,,,,0
2020,Canada,2016A000011124,"Total, all industries (excluding management of companies and enterprises)",Number of enterprises,Canadian control,Large enterprises,Number,223,units,0,v41596478,1.1.1.1.4,3041,,,,0
2020,Canada,2016A000011124,"Total, all industries (excluding management of companies and enterprises)",Number of enterprises,Foreign control,"Total enterprises, all sizes",Number,223,units,0,v41596479,1.1.1.2.1,10967,,,,0
2020,Canada,2016A000011124,"Total, all industries (excluding management of companies and enterprises)",Number of enterprises,Foreign control,Small enterprises,Number,223,units,0,v41596480,1.1.1.2.2,7560,,,,0
2020,Canada,2016A000011124,"Total, all industries (excluding management of companies and enterprises)",Number of enterprises,Foreign control,Medium enterprises,Number,223,units,0,v41596481,1.1.1.2.3,1626,,,,0
2020,Canada,2016A000011124,"Total, all industries (excluding management of companies and enterprises)",Number of enterprises,Foreign control,Large enterprises,Number,223,units,0,v41596482,1.1.1.2.4,1781,,,,0
2020,Canada,2016A000011124,"Total, all industries (excluding management of companies and enterprises)",Mean operating revenues (dollars),Canadian control,"Total enterprises, all sizes",Dollars,81,thousands,3,v41596483,1.1.2.1.1,1625,,,,0
2020,Canada,2016A000011124,"Total, all industries (excluding management of companies and enterprises)",Mean operating revenues (dollars),Canadian control,Small enterprises,Dollars,81,thousands,3,v41596484,1.1.2.1.2,656,,,,0
2020,Canada,2016A000011124,"Total, all industries (excluding management of companies and enterprises)",Mean operating revenues (dollars),Canadian control,Medium enterprises,Dollars,81,thousands,3,v41596485,1.1.2.1.3,40165,,,,0
2020,Canada,2016A000011124,"Total, all industries (excluding management of companies and enterprises)",Mean operating revenues (dollars),Canadian control,Large enterprises,Dollars,81,thousands,3,v41596486,1.1.2.1.4,479565,,,,0
2020,Canada,2016A000011124,"Total, all industries (excluding management of companies and enterprises)",Mean operating revenues (dollars),Foreign control,"Total enterprises, all sizes",Dollars,81,thousands,3,v41596487,1.1.2.2.1,101572,,,,0
2020,Canada,2016A000011124,"Total, all industries (excluding management of companies and enterprises)",Mean operating revenues (dollars),Foreign control,Small enterprises,Dollars,81,thousands,3,v41596488,1.1.2.2.2,4407,,,,0
2020,Canada,2016A000011124,"Total, all industries (excluding management of companies and enterprises)",Mean operating revenues (dollars),Foreign control,Medium enterprises,Dollars,81,thousands,3,v41596489,1.1.2.2.3,44528,,,,0
2020,Canada,2016A000011124,"Total, all industries (excluding management of companies and enterprises)",Mean operating revenues (dollars),Foreign control,Large enterprises,Dollars,81,thousands,3,v41596490,1.1.2.2.4,566097,,,,0
2021,Canada,2016A000011124,"Total, all industries (excluding management of companies and enterprises)",Number of enterprises,Canadian control,"Total enterprises, all sizes",Number,223,units,0,v41596475,1.1.1.1.1,1898227,,,,0
2021,Canada,2016A000011124,"Total, all industries (excluding management of companies and enterprises)",Number of enterprises,Canadian control,Small enterprises,Number,223,units,0,v41596476,1.1.1.1.2,1883600,,,,0
2021,Canada,2016A000011124,"Total, all industries (excluding management of companies and enterprises)",Number of enterprises,Canadian control,Medium enterprises,Number,223,units,0,v41596477,1.1.1.1.3,10840,,,,0
2021,Canada,2016A000011124,"Total, all industries (excluding management of companies and enterprises)",Number of enterprises,Canadian control,Large enterprises,Number,223,units,0,v41596478,1.1.1.1.4,3787,,,,0
2021,Canada,2016A000011124,"Total, all industries (excluding management of companies and enterprises)",Number of enterprises,Foreign control,"Total enterprises, all sizes",Number,223,units,0,v41596479,1.1.1.2.1,11118,,,,0
2021,Canada,2016A000011124,"Total, all industries (excluding management of companies and enterprises)",Number of enterprises,Foreign control,Small enterprises,Number,223,units,0,v41596480,1.1.1.2.2,7550,,,,0
2021,Canada,2016A000011124,"Total, all industries (excluding management of companies and enterprises)",Number of enterprises,Foreign control,Medium enterprises,Number,223,units,0,v41596481,1.1.1.2.3,1614,,,,0
2021,Canada,2016A000011124,"Total, all industries (excluding management of companies and enterprises)",Number of enterprises,Foreign control,Large enterprises,Number,223,units,0,v41596482,1.1.1.2.4,1954,,,,0
2021,Canada,2016A000011124,"Total, all industries (excluding management of companies and enterprises)",Mean operating revenues (dollars),Canadian control,"Total enterprises, all sizes",Dollars,81,thousands,3,v41596483,1.1.2.1.1,1844,,,,0
2021,Canada,2016A000011124,"Total, all industries (excluding management of companies and enterprises)",Mean operating revenues (dollars),Canadian control,Small enterprises,Dollars,81,thousands,3,v41596484,1.1.2.1.2,720,,,,0
2021,Canada,2016A000011124,"Total, all industries (excluding management of companies and enterprises)",Mean operating revenues (dollars),Canadian control,Medium enterprises,Dollars,81,thousands,3,v41596485,1.1.2.1.3,40428,,,,0
2021,Canada,2016A000011124,"Total, all industries (excluding management of companies and enterprises)",Mean operating revenues (dollars),Canadian control,Large enterprises,Dollars,81,thousands,3,v41596486,1.1.2.1.4,450531,,,,0
2021,Canada,2016A000011124,"Total, all industries (excluding management of companies and enterprises)",Mean operating revenues (dollars),Foreign control,"Total enterprises, all sizes",Dollars,81,thousands,3,v41596487,1.1.2.2.1,115084,,,,0
2021,Canada,2016A000011124,"Total, all industries (excluding management of companies and enterprises)",Mean operating revenues (dollars),Foreign control,Small enterprises,Dollars,81,thousands,3,v41596488,1.1.2.2.2,4358,,,,0
2021,Canada,2016A000011124,"Total, all industries (excluding management of companies and enterprises)",Mean operating revenues (dollars),Foreign control,Medium enterprises,Dollars,81,thousands,3,v41596489,1.1.2.2.3,44638,,,,0
2021,Canada,2016A000011124,"Total, all industries (excluding management of companies and enterprises)",Mean operating revenues (dollars),Foreign control,Large enterprises,Dollars,81,thousands,3,v41596490,1.1.2.2.4,601104,,,,0
2022,Canada,2016A000011124,"Total, all industries (excluding management of companies and enterprises)",Number of enterprises,Canadian control,"Total enterprises, all sizes",Number,223,units,0,v41596475,1.1.1.1.1,1968950,,,,0
2022,Canada,2016A000011124,"Total, all industries (excluding management of companies and enterprises)",Number of enterprises,Canadian control,Small enterprises,Number,223,units,0,v41596476,1.1.1.1.2,1952281,,,,0
2022,Canada,2016A000011124,"Total, all industries (excluding management of companies and enterprises)",Number of enterprises,Canadian control,Medium enterprises,Number,223,units,0,v41596477,1.1.1.1.3,12333,,,,0
2022,Canada,2016A000011124,"Total, all industries (excluding management of companies and enterprises)",Number of enterprises,Canadian control,Large enterprises,Number,223,units,0,v41596478,1.1.1.1.4,4336,,,,0
2022,Canada,2016A000011124,"Total, all industries (excluding management of companies and enterprises)",Number of enterprises,Foreign control,"Total enterprises, all sizes",Number,223,units,0,v41596479,1.1.1.2.1,10946,,,,0
2022,Canada,2016A000011124,"Total, all industries (excluding management of companies and enterprises)",Number of enterprises,Foreign control,Small enterprises,Number,223,units,0,v41596480,1.1.1.2.2,7175,,,,0
2022,Canada,2016A000011124,"Total, all industries (excluding management of companies and enterprises)",Number of enterprises,Foreign control,Medium enterprises,Number,223,units,0,v41596481,1.1.1.2.3,1673,,,,0
2022,Canada,2016A000011124,"Total, all industries (excluding management of companies and enterprises)",Number of enterprises,Foreign control,Large enterprises,Number,223,units,0,v41596482,1.1.1.2.4,2098,,,,0
2022,Canada,2016A000011124,"Total, all industries (excluding management of companies and enterprises)",Mean operating revenues (dollars),Canadian control,"Total enterprises, all sizes",Dollars,81,thousands,3,v41596483,1.1.2.1.1,2032,,,,0
2022,Canada,2016A000011124,"Total, all industries (excluding management of companies and enterprises)",Mean operating revenues (dollars),Canadian control,Small enterprises,Dollars,81,thousands,3,v41596484,1.1.2.1.2,753,,,,0
2022,Canada,2016A000011124,"Total, all industries (excluding management of companies and enterprises)",Mean operating revenues (dollars),Canadian control,Medium enterprises,Dollars,81,thousands,3,v41596485,1.1.2.1.3,40407,,,,0
2022,Canada,2016A000011124,"Total, all industries (excluding management of companies and enterprises)",Mean operating revenues (dollars),Canadian control,Large enterprises,Dollars,81,thousands,3,v41596486,1.1.2.1.4,468873,,,,0
2022,Canada,2016A000011124,"Total, all industries (excluding management of companies and enterprises)",Mean operating revenues (dollars),Foreign control,"Total enterprises, all sizes",Dollars,81,thousands,3,v41596487,1.1.2.2.1,135498,,,,0
2022,Canada,2016A000011124,"Total, all industries (excluding management of companies and enterprises)",Mean operating revenues (dollars),Foreign control,Small enterprises,Dollars,81,thousands,3,v41596488,1.1.2.2.2,4120,,,,0
2022,Canada,2016A000011124,"Total, all industries (excluding management of companies and enterprises)",Mean operating revenues (dollars),Foreign control,Medium enterprises,Dollars,81,thousands,3,v41596489,1.1.2.2.3,45125,,,,0
2022,Canada,2016A000011124,"Total, all industries (excluding management of companies and enterprises)",Mean operating revenues (dollars),Foreign control,Large enterprises,Dollars,81,thousands,3,v41596490,1.1.2.2.4,656868,,,,0
